class,precision,recall,f1_score,accuracy,TP,TN,FP,FN
dyed-lifted-polyps,0.9141414141414141,0.905,0.9095477386934674,0.911875,181,1383,17,19
dyed-resection-margins,0.9282051282051282,0.905,0.9164556962025316,0.911875,181,1386,14,19
esophagitis,0.8707865168539326,0.775,0.8201058201058201,0.911875,155,1377,23,45
normal-cecum,0.9289099526066351,0.98,0.9537712895377128,0.911875,196,1385,15,4
normal-pylorus,0.9754901960784313,0.995,0.9851485148514851,0.911875,199,1395,5,1
normal-z-line,0.7972972972972973,0.885,0.8388625592417062,0.911875,177,1355,45,23
polyps,0.9282051282051282,0.905,0.9164556962025316,0.911875,181,1386,14,19
ulcerative-colitis,0.9593908629441624,0.945,0.9521410579345088,0.911875,189,1392,8,11
